perf_id,position,flag_type,bell,flag_text
1323910,0,new-method,,
1323692,0,first-quarter,6,
1324774,0,simulated-sound,,
1323929,0,simulated-sound,,
1323624,0,first-quarter,1,
1326844,0,first-quarter,1,
1323623,0,first-quarter,1,
1460795,0,first-quarter,6,
1323628,0,simulated-sound,,
1323390,0,simulated-sound,,
1323382,0,simulated-sound,,
1323382,1,first-quarter,6,
1323381,0,simulated-sound,,
1323417,0,first-quarter,6,
1323204,0,simulated-sound,,
1348628,0,first-quarter,6,
1451089,0,automated-ringing,1,Virtual Belfry Ringing Simulator
1451089,1,automated-ringing,2,Virtual Belfry Ringing Simulator
1451089,2,automated-ringing,3,Virtual Belfry Ringing Simulator
1451089,3,automated-ringing,4,Virtual Belfry Ringing Simulator
1451089,4,automated-ringing,5,Virtual Belfry Ringing Simulator
1451089,5,automated-ringing,6,Virtual Belfry Ringing Simulator
1451089,6,automated-ringing,7,Virtual Belfry Ringing Simulator
1451089,7,automated-ringing,8,Virtual Belfry Ringing Simulator
1451089,8,automated-ringing,9,Virtual Belfry Ringing Simulator
1451089,9,simulated-sound,,
1322957,0,first-quarter,6,
1322674,0,first-quarter,1,
1322786,0,first-quarter,1,
1323130,0,first-peal,6,
1843923,0,first-peal,1,
1460797,0,first-quarter,6,
1324360,0,first-quarter,6,
1322473,0,first-quarter,4,
1322468,0,first-quarter,1,
1322468,1,first-quarter,6,
1322538,0,first-peal,1,
1322541,0,first-quarter,6,
1322401,0,first-quarter,1,
1322402,0,first-quarter,1,
1322475,0,first-peal,2,
1322300,0,first-quarter,1,
1322149,0,first-quarter,6,
1321649,0,simulated-sound,,
1322079,0,first-quarter,6,
1321417,0,first-quarter,3,
1587516,0,first-quarter,1,
1321148,0,first-quarter,6,
1321104,0,first-quarter,1,
1321196,0,first-quarter,6,
1657938,0,first-quarter,1,
1320675,0,first-quarter,4,
1320736,0,first-quarter,1,
1320793,0,first-quarter,6,
1320763,0,first-peal,1,
1320539,0,simulated-sound,,
1320209,0,simulated-sound,,
1320178,0,first-quarter,6,
1320211,0,first-quarter,1,
1320076,0,simulated-sound,,
1319813,0,simulated-sound,,
1319830,0,first-quarter,1,
1319738,0,first-quarter,1,
1319863,0,first-quarter,1,
1319476,0,first-quarter,1,
1319523,0,simulated-sound,,
1319474,0,simulated-sound,,
1319508,0,first-quarter,6,
1319333,0,first-quarter,6,
1319232,0,first-peal,2,
1319214,0,first-peal,3,
1319192,0,first-quarter,6,
1423152,0,first-peal,1,
1604275,0,simulated-sound,,Performed on a ring of dumb bells.
1319273,0,first-quarter,6,
1451087,0,automated-ringing,1,Virtual Belfry Ringing Simulator
1451087,1,automated-ringing,2,Virtual Belfry Ringing Simulator
1451087,2,automated-ringing,3,Virtual Belfry Ringing Simulator
1451087,3,automated-ringing,4,Virtual Belfry Ringing Simulator
1451087,4,simulated-sound,,
1319040,0,first-quarter,4,
1406678,0,false,,
1318731,0,first-quarter,4,
1318766,0,new-method,,
1451085,0,automated-ringing,1,Virtual Belfry Ringing Simulator
1451085,1,automated-ringing,2,Virtual Belfry Ringing Simulator
1451085,2,automated-ringing,3,Virtual Belfry Ringing Simulator
1451085,3,automated-ringing,4,Virtual Belfry Ringing Simulator
1451085,4,automated-ringing,5,Virtual Belfry Ringing Simulator
1451085,5,automated-ringing,6,Virtual Belfry Ringing Simulator
1451085,6,automated-ringing,7,Virtual Belfry Ringing Simulator
1451085,7,simulated-sound,,
1322041,0,first-quarter,1,
1318610,0,first-quarter,1,
1318476,0,simulated-sound,,
1318577,0,first-quarter,6,
1327579,0,first-peal,6,
1327579,1,first-peal,8,
1905599,0,first-peal,3,
1318233,0,first-quarter,6,
1318381,0,first-quarter,1,
1318176,0,first-quarter,2,
1318176,1,first-quarter,6,
1317915,0,first-quarter,1,
1317832,0,first-quarter,6,
1317728,0,first-quarter,1,
1921283,0,automated-ringing,,
1921283,1,simulated-sound,,
1615853,0,first-quarter,1,
1332968,0,first-quarter,1,
1656992,0,first-quarter,1,
1333382,0,first-peal,1,
1332839,0,first-peal,3,
1332839,1,first-peal,4,
1333031,0,first-quarter,3,
1410575,0,first-peal,2,
1333264,0,first-peal,8,
1333326,0,simulated-sound,,
1332717,0,new-method,,
1332700,0,first-peal,1,
1332700,1,first-peal,4,
1332497,0,first-quarter,1,
1333177,0,first-quarter,8,
1332401,0,first-quarter,1,
1332401,1,first-quarter,6,
1332400,0,first-quarter,6,
1332011,0,simulated-sound,,
1332007,0,simulated-sound,,
1332035,0,first-quarter,1,
1689214,0,first-quarter,1,
1689214,1,first-quarter,6,
1331070,0,first-quarter,6,
1332636,0,first-quarter,7,
1332636,1,first-quarter,8,
1451092,0,automated-ringing,1,Virtual Belfry Ringing Simulator
1451092,1,automated-ringing,2,Virtual Belfry Ringing Simulator
1451092,2,automated-ringing,3,Virtual Belfry Ringing Simulator
1451092,3,automated-ringing,4,Virtual Belfry Ringing Simulator
1451092,4,automated-ringing,5,Virtual Belfry Ringing Simulator
1451092,5,automated-ringing,6,Virtual Belfry Ringing Simulator
1451092,6,automated-ringing,7,Virtual Belfry Ringing Simulator
1451092,7,automated-ringing,8,Virtual Belfry Ringing Simulator
1451092,8,automated-ringing,9,Virtual Belfry Ringing Simulator
1451092,9,automated-ringing,10,Virtual Belfry Ringing Simulator
1451092,10,automated-ringing,11,Virtual Belfry Ringing Simulator
1451092,11,simulated-sound,,
1745141,0,first-quarter,6,
1330353,0,first-quarter,1,
1330394,0,first-quarter,1,
1330542,0,first-quarter,1,
1330373,0,first-quarter,6,
1332081,0,first-quarter,1,
1332081,1,first-quarter,6,
1331248,0,first-quarter,3,
1331692,0,first-quarter,6,
1330211,0,simulated-sound,,"On the front six, using the simulator"
1330062,0,first-quarter,1,
1330059,0,first-quarter,1,
1330295,0,first-quarter,1,
1330208,0,new-method,,
1330213,0,first-peal,2,
1330216,0,first-quarter,6,
1329836,0,first-quarter,1,
1329836,1,first-quarter,6,
1331156,0,first-quarter,6,
1329863,0,first-quarter,1,
1329744,0,new-method,,
1329473,0,first-quarter,1,
1329669,0,first-quarter,6,
1693345,0,first-quarter,6,
1329189,0,simulated-sound,,
1329442,0,first-quarter,4,
1329442,1,first-quarter,6,
1328781,0,simulated-sound,,
1745142,0,first-quarter,6,
1328367,0,first-quarter,1,
1328502,0,first-quarter,1,
1328502,1,first-quarter,6,
1328496,0,first-quarter,1,
1328473,0,simulated-sound,,
1328406,0,simulated-sound,,
1328504,0,first-quarter,1,
1328196,0,first-quarter,6,
1328752,0,first-peal,1,
1328184,0,first-peal,1,
1328215,0,first-quarter,3,
1524780,0,first-peal,2,
1524780,1,first-peal,4,
1524780,2,first-peal,6,
1327904,0,first-quarter,8,
1327538,0,simulated-sound,,
1327177,0,simulated-sound,,
1326962,0,simulated-sound,,
1326968,0,first-quarter,3,
1326968,1,first-quarter,4,
1326968,2,first-quarter,5,
1326968,3,first-quarter,6,
1327033,0,simulated-sound,,
1326912,0,simulated-sound,,
1326516,0,first-quarter,6,
1326709,0,first-quarter,1,
1326787,0,first-peal,3,
1416403,0,first-peal,2,
1326155,0,first-quarter,6,
1328903,0,first-quarter,6,
1326192,0,first-peal,8,
1326323,0,first-quarter,1,
1327310,0,first-quarter,6,
1326621,0,first-quarter,1,
1325798,0,first-quarter,6,
1325798,1,first-quarter,7,
1451091,0,automated-ringing,1,Virtual Belfry Ringing Simulator
1451091,1,automated-ringing,2,Virtual Belfry Ringing Simulator
1451091,2,automated-ringing,3,Virtual Belfry Ringing Simulator
1451091,3,automated-ringing,4,Virtual Belfry Ringing Simulator
1451091,4,automated-ringing,5,Virtual Belfry Ringing Simulator
1451091,5,automated-ringing,6,Virtual Belfry Ringing Simulator
1451091,6,automated-ringing,7,Virtual Belfry Ringing Simulator
1451091,7,automated-ringing,8,Virtual Belfry Ringing Simulator
1451091,8,automated-ringing,9,Virtual Belfry Ringing Simulator
1451091,9,automated-ringing,10,Virtual Belfry Ringing Simulator
1451091,10,automated-ringing,11,Virtual Belfry Ringing Simulator
1451091,11,simulated-sound,,
1325788,0,first-quarter,1,
1544069,0,first-quarter,3,
1325084,0,new-method,,
1324872,0,first-quarter,1,
1324727,0,first-peal,6,
1324421,0,first-quarter,6,
1324485,0,first-quarter,6,
1324249,0,first-quarter,1,
1324267,0,first-quarter,6,
1483030,0,first-quarter,3,
1324611,0,first-quarter,6,
1324611,1,first-quarter,8,
1325442,0,first-quarter,1,
1913491,0,first-quarter,6,
1324578,0,first-quarter,6,
1325643,0,first-quarter,6,
1324264,0,first-quarter,5,
1323974,0,first-quarter,1,
1324200,0,first-peal,4,
1628736,0,first-quarter,1,
1346748,0,simulated-sound,,
1359505,0,simulated-sound,,
1341535,0,automated-ringing,,
1451095,0,automated-ringing,1,Virtual Belfry Ringing Simulator
1451095,1,automated-ringing,2,Virtual Belfry Ringing Simulator
1451095,2,automated-ringing,3,Virtual Belfry Ringing Simulator
1451095,3,automated-ringing,4,Virtual Belfry Ringing Simulator
1451095,4,automated-ringing,5,Virtual Belfry Ringing Simulator
1451095,5,automated-ringing,6,Virtual Belfry Ringing Simulator
1451095,6,automated-ringing,7,Virtual Belfry Ringing Simulator
1451095,7,automated-ringing,8,Virtual Belfry Ringing Simulator
1451095,8,automated-ringing,9,Virtual Belfry Ringing Simulator
1451095,9,automated-ringing,10,Virtual Belfry Ringing Simulator
1451095,10,automated-ringing,11,Virtual Belfry Ringing Simulator
1451095,11,simulated-sound,,
1353925,0,first-quarter,1,
1353925,1,first-quarter,2,
1345187,0,simulated-sound,,
1340831,0,first-quarter,1,
1340831,1,first-quarter,2,
1340831,2,first-quarter,3,
1340831,3,first-quarter,4,
1340428,0,automated-ringing,,
1340428,1,simulated-sound,,
1420566,0,automated-ringing,1,Abel
1420566,1,automated-ringing,2,Abel
1420566,2,automated-ringing,3,Abel
1420566,3,automated-ringing,4,Abel
1420566,4,automated-ringing,5,Abel
1420566,5,automated-ringing,6,Abel
1420566,6,automated-ringing,8,Abel
1420566,7,automated-ringing,9,Abel
1420566,8,automated-ringing,10,Abel
1420566,9,automated-ringing,11,Abel
1420566,10,automated-ringing,12,Abel
1420566,11,simulated-sound,,
1339267,0,automated-ringing,,
1339267,1,simulated-sound,,
1340430,0,automated-ringing,,
1340430,1,simulated-sound,,
1339266,0,automated-ringing,,
1339266,1,simulated-sound,,
1339074,0,first-quarter,2,
1338527,0,automated-ringing,,
1338527,1,simulated-sound,,
1340431,0,automated-ringing,,
1340431,1,simulated-sound,,
1338425,0,automated-ringing,,
1338425,1,simulated-sound,,
1338591,0,automated-ringing,,
1338591,1,simulated-sound,,
1338491,0,automated-ringing,,
1338491,1,simulated-sound,,
1338299,0,automated-ringing,,
1338299,1,simulated-sound,,
1338395,0,simulated-sound,,
1337769,0,automated-ringing,,
1337769,1,simulated-sound,,
1337716,0,automated-ringing,,
1337716,1,simulated-sound,,
1337697,0,automated-ringing,,
1337697,1,simulated-sound,,
1511918,0,simulated-sound,,
1337222,0,first-quarter,6,
1337213,0,first-quarter,6,
1337208,0,automated-ringing,,
1337208,1,simulated-sound,,
1337225,0,first-quarter,1,
1336950,0,first-quarter,1,
1337385,0,first-quarter,6,
1336917,0,first-quarter,6,
1451094,0,automated-ringing,2,Virtual Belfry Ringing Simulator
1451094,1,automated-ringing,3,Virtual Belfry Ringing Simulator
1451094,2,automated-ringing,4,Virtual Belfry Ringing Simulator
1451094,3,automated-ringing,5,Virtual Belfry Ringing Simulator
1451094,4,automated-ringing,6,Virtual Belfry Ringing Simulator
1451094,5,automated-ringing,7,Virtual Belfry Ringing Simulator
1451094,6,automated-ringing,8,Virtual Belfry Ringing Simulator
1451094,7,simulated-sound,,
1336932,0,simulated-sound,,
1336523,0,first-peal,8,
1336498,0,first-quarter,6,
1336570,0,simulated-sound,,
1336570,1,first-quarter,1,
1336570,2,first-quarter,6,
1336556,0,first-quarter,1,
1336657,0,first-quarter,1,
1336388,0,first-quarter,5,
1336384,0,first-quarter,6,
1336414,0,first-quarter,6,
1336084,0,first-quarter,1,
1336567,0,first-quarter,1,
1336105,0,first-quarter,1,
1336043,0,first-quarter,6,
1336040,0,first-quarter,6,
1335557,0,simulated-sound,,
1335752,0,first-quarter,6,
1335752,1,first-quarter,7,
1335752,2,first-quarter,8,
1335165,0,first-quarter,6,
1335113,0,first-peal,1,
1334937,0,first-quarter,4,
1335743,0,first-quarter,6,
1334932,0,first-peal,6,
1334675,0,first-quarter,6,
1334516,0,first-quarter,6,
1334533,0,new-method,,
1334531,0,first-quarter,1,
1334531,1,first-quarter,6,
1451093,0,automated-ringing,1,Virtual Belfry Ringing Simulator
1451093,1,automated-ringing,2,Virtual Belfry Ringing Simulator
1451093,2,automated-ringing,3,Virtual Belfry Ringing Simulator
1451093,3,automated-ringing,4,Virtual Belfry Ringing Simulator
1451093,4,automated-ringing,5,Virtual Belfry Ringing Simulator
1451093,5,automated-ringing,6,Virtual Belfry Ringing Simulator
1451093,6,automated-ringing,7,Virtual Belfry Ringing Simulator
1451093,7,automated-ringing,8,Virtual Belfry Ringing Simulator
1451093,8,automated-ringing,9,Virtual Belfry Ringing Simulator
1451093,9,automated-ringing,10,Virtual Belfry Ringing Simulator
1451093,10,automated-ringing,11,Virtual Belfry Ringing Simulator
1451093,11,simulated-sound,,
1333832,0,first-quarter,6,
1333677,0,simulated-sound,,
1333129,0,first-quarter,1,
1333293,0,first-quarter,1,
1333189,0,first-peal,6,
1333173,0,first-quarter,6,
1333247,0,first-quarter,1,
1333247,1,first-quarter,6,
1484433,0,simulated-sound,,
1333192,0,first-quarter,6,
1773573,0,first-quarter,6,
1354377,0,first-quarter,3,
1354377,1,first-quarter,4,
1396621,0,automated-ringing,,
1396621,1,simulated-sound,,
1354798,0,simulated-sound,,
1354376,0,simulated-sound,,
1396622,0,automated-ringing,,
1396622,1,simulated-sound,,
1451098,0,automated-ringing,1,Virtual Belfry Ringing Simulator
1451098,1,automated-ringing,2,Virtual Belfry Ringing Simulator
1451098,2,automated-ringing,3,Virtual Belfry Ringing Simulator
1451098,3,automated-ringing,4,Virtual Belfry Ringing Simulator
1451098,4,automated-ringing,5,Virtual Belfry Ringing Simulator
1451098,5,automated-ringing,6,Virtual Belfry Ringing Simulator
1451098,6,automated-ringing,7,Virtual Belfry Ringing Simulator
1451098,7,automated-ringing,8,Virtual Belfry Ringing Simulator
1451098,8,automated-ringing,9,Virtual Belfry Ringing Simulator
1451098,9,simulated-sound,,
1353958,0,simulated-sound,,
1353928,0,simulated-sound,,
1353935,0,simulated-sound,,
1353941,0,simulated-sound,,
1900631,0,simulated-sound,,
1353350,0,simulated-sound,,
1353276,0,simulated-sound,,
1353299,0,simulated-sound,,
1353431,0,simulated-sound,,
1353339,0,simulated-sound,,
1359500,0,simulated-sound,,
1352914,0,simulated-sound,,
1352865,0,simulated-sound,,
1352727,0,simulated-sound,,
1352724,0,simulated-sound,,
1353272,0,simulated-sound,,
1359289,0,simulated-sound,,
1352101,0,simulated-sound,,
1352093,0,simulated-sound,,
1352122,0,simulated-sound,,
1352084,0,simulated-sound,,
1352414,0,simulated-sound,,
1352413,0,simulated-sound,,
1351834,0,simulated-sound,,
1351799,0,simulated-sound,,
1351807,0,simulated-sound,,
1351804,0,simulated-sound,,
1351801,0,simulated-sound,,
1351798,0,simulated-sound,,
1493657,0,simulated-sound,,
1351516,0,simulated-sound,,
1351518,0,simulated-sound,,
1351560,0,simulated-sound,,
1351531,0,simulated-sound,,
1351525,0,simulated-sound,,
1351826,0,simulated-sound,,
1351416,0,simulated-sound,,
1352636,0,simulated-sound,,
1497241,0,simulated-sound,,
1477813,0,simulated-sound,,
1351529,0,simulated-sound,,
1351197,0,automated-ringing,5,Lexi the Lego Ringing Robot
1351197,1,automated-ringing,6,Lexi the Lego Ringing Robot
1587201,0,simulated-sound,,
1420565,0,simulated-sound,,
1350990,0,simulated-sound,,
1351246,0,simulated-sound,,
1351194,0,simulated-sound,,
1493655,0,simulated-sound,,
1357894,0,simulated-sound,,
1350706,0,simulated-sound,,
1359291,0,simulated-sound,,
1350750,0,simulated-sound,,
1350703,0,simulated-sound,,
1477816,0,simulated-sound,,
1374570,0,simulated-sound,,
1451097,0,automated-ringing,1,Virtual Belfry Ringing Simulator
1451097,1,automated-ringing,2,Virtual Belfry Ringing Simulator
1451097,2,automated-ringing,3,Virtual Belfry Ringing Simulator
1451097,3,automated-ringing,4,Virtual Belfry Ringing Simulator
1451097,4,automated-ringing,5,Virtual Belfry Ringing Simulator
1451097,5,automated-ringing,6,Virtual Belfry Ringing Simulator
1451097,6,automated-ringing,7,Virtual Belfry Ringing Simulator
1451097,7,simulated-sound,,
1350469,0,simulated-sound,,
1493654,0,simulated-sound,,
1359501,0,simulated-sound,,
1493653,0,simulated-sound,,
1349548,0,simulated-sound,,
1587200,0,simulated-sound,,
1359502,0,simulated-sound,,
1588384,0,simulated-sound,,
1349621,0,simulated-sound,,
1349593,0,simulated-sound,,
1349704,0,simulated-sound,,
1349703,0,simulated-sound,,
1349661,0,simulated-sound,,
1349660,0,simulated-sound,,
1349658,0,simulated-sound,,
1349109,0,simulated-sound,,
1348744,0,simulated-sound,,
1349086,0,simulated-sound,,
1374569,0,simulated-sound,,
1349095,0,simulated-sound,,
1493652,0,simulated-sound,,
1349004,0,simulated-sound,,
1349003,0,simulated-sound,,
1348587,0,simulated-sound,,
1348531,0,first-quarter,1,
1348531,1,first-quarter,2,
1358262,0,simulated-sound,,
1396623,0,simulated-sound,,
1348563,0,simulated-sound,,
1348554,0,simulated-sound,,
1493651,0,simulated-sound,,
1347804,0,first-quarter,5,
1347804,1,first-quarter,6,
1359292,0,simulated-sound,,
1348079,0,simulated-sound,,
1477877,0,simulated-sound,,
1347606,0,simulated-sound,,
1359882,0,simulated-sound,,
1347494,0,simulated-sound,,
1357954,0,simulated-sound,,
1358260,0,simulated-sound,,
1347345,0,simulated-sound,,
1347349,0,simulated-sound,,
1347350,0,simulated-sound,,
1587199,0,simulated-sound,,
1347053,0,simulated-sound,,
1347348,0,simulated-sound,,
1347347,0,simulated-sound,,
1451096,0,automated-ringing,1,Virtual Belfry Ringing Simulator
1451096,1,automated-ringing,2,Virtual Belfry Ringing Simulator
1451096,2,automated-ringing,3,Virtual Belfry Ringing Simulator
1451096,3,automated-ringing,4,Virtual Belfry Ringing Simulator
1451096,4,automated-ringing,5,Virtual Belfry Ringing Simulator
1451096,5,automated-ringing,6,Virtual Belfry Ringing Simulator
1451096,6,automated-ringing,7,Virtual Belfry Ringing Simulator
1451096,7,automated-ringing,8,Virtual Belfry Ringing Simulator
1451096,8,automated-ringing,9,Virtual Belfry Ringing Simulator
1451096,9,automated-ringing,10,Virtual Belfry Ringing Simulator
1451096,10,automated-ringing,11,Virtual Belfry Ringing Simulator
1451096,11,simulated-sound,,
1346750,0,simulated-sound,,
1676489,0,simulated-sound,,
1347038,0,simulated-sound,,
1346661,0,simulated-sound,,
1346330,0,simulated-sound,,
1346242,0,simulated-sound,,
1346318,0,simulated-sound,,
1346321,0,simulated-sound,,
1346314,0,simulated-sound,,
1346317,0,simulated-sound,,
1346316,0,simulated-sound,,
1345947,0,simulated-sound,,
1345175,0,simulated-sound,,
1345678,0,simulated-sound,,
1346739,0,simulated-sound,,
1345652,0,simulated-sound,,
1344839,0,simulated-sound,,
1346285,0,simulated-sound,,
1344835,0,simulated-sound,,
1344619,0,automated-ringing,,
1344619,1,simulated-sound,,
1344324,0,simulated-sound,,
1359504,0,simulated-sound,,
1396624,0,automated-ringing,,
1396624,1,simulated-sound,,
1344351,0,simulated-sound,,
1344841,0,simulated-sound,,
1451047,0,automated-ringing,,
1451047,1,simulated-sound,,
1343825,0,simulated-sound,,
1343314,0,simulated-sound,,
1342954,0,simulated-sound,,
1342861,0,simulated-sound,,
1345068,0,simulated-sound,,
1350891,0,first-quarter,1,
1350891,1,first-quarter,2,
1350891,2,first-quarter,3,
1350891,3,first-quarter,4,
1346743,0,simulated-sound,,
1342674,0,simulated-sound,,
1342836,0,simulated-sound,,
1346744,0,simulated-sound,,
1346747,0,simulated-sound,,
1346746,0,simulated-sound,,
1342284,0,simulated-sound,,
1367228,0,simulated-sound,,
1367209,0,simulated-sound,,
1367524,0,simulated-sound,,
1367212,0,first-quarter,1,
1367212,1,first-quarter,2,
1366985,0,simulated-sound,,
1405280,0,simulated-sound,,
1366773,0,simulated-sound,,
1366666,0,simulated-sound,,
1370837,0,simulated-sound,,
1366517,0,simulated-sound,,
1366786,0,simulated-sound,,
1366778,0,simulated-sound,,
1370145,0,simulated-sound,,
1366587,0,simulated-sound,,
1367595,0,simulated-sound,,
1405308,0,simulated-sound,,
1366159,0,simulated-sound,,
1366083,0,simulated-sound,,
1367526,0,simulated-sound,,
1367525,0,simulated-sound,,
1365954,0,simulated-sound,,
1366552,0,simulated-sound,,
1405829,0,simulated-sound,,
1365881,0,simulated-sound,,
1365816,0,simulated-sound,,
1397081,0,simulated-sound,,
1550502,0,simulated-sound,,
1365554,0,simulated-sound,,
1365543,0,simulated-sound,,
1365484,0,simulated-sound,,
1365839,0,simulated-sound,,
1367527,0,simulated-sound,,
1365552,0,simulated-sound,,
1371218,0,first-quarter,5,
1371218,1,first-quarter,6,
1587206,0,simulated-sound,,
1365221,0,simulated-sound,,
1365254,0,simulated-sound,,
1587204,0,simulated-sound,,
1479483,0,simulated-sound,,
1365309,0,simulated-sound,,
1587205,0,simulated-sound,,
1406077,0,simulated-sound,,
1405295,0,simulated-sound,,
1364918,0,simulated-sound,,
1364657,0,simulated-sound,,
1365052,0,automated-ringing,,
1365052,1,simulated-sound,,
1364937,0,simulated-sound,,
1364828,0,simulated-sound,,
1364936,0,simulated-sound,,
1405281,0,simulated-sound,,
1364518,0,simulated-sound,,
1367531,0,simulated-sound,,
1367530,0,simulated-sound,,
1364530,0,simulated-sound,,
1364557,0,simulated-sound,,
1363917,0,simulated-sound,,
1364031,0,simulated-sound,,
1364045,0,simulated-sound,,
1364043,0,simulated-sound,,
1363706,0,simulated-sound,,
1406076,0,simulated-sound,,
1587203,0,simulated-sound,,
1363615,0,simulated-sound,,
1363567,0,simulated-sound,,
1364032,0,simulated-sound,,
1363612,0,simulated-sound,,
1363689,0,simulated-sound,,
1363632,0,simulated-sound,,
1363386,0,simulated-sound,,
1363203,0,simulated-sound,,
1363280,0,simulated-sound,,
1363146,0,simulated-sound,,
1363143,0,simulated-sound,,
1362835,0,simulated-sound,,
1362798,0,simulated-sound,,
1362441,0,simulated-sound,,
1363716,0,simulated-sound,,
1362315,0,simulated-sound,,
1362379,0,simulated-sound,,
1362131,0,simulated-sound,,
1362067,0,simulated-sound,,
1361851,0,simulated-sound,,
1361944,0,simulated-sound,,
1361799,0,simulated-sound,,
1361808,0,simulated-sound,,
1406074,0,simulated-sound,,
1361297,0,simulated-sound,,
1361380,0,simulated-sound,,
1361968,0,simulated-sound,,
1360937,0,simulated-sound,,
1360986,0,simulated-sound,,
1360629,0,simulated-sound,,
1360627,0,simulated-sound,,
1360084,0,simulated-sound,,
1360181,0,simulated-sound,,
1360042,0,simulated-sound,,
1359042,0,simulated-sound,,
1360661,0,simulated-sound,,
1360233,0,simulated-sound,,
1359615,0,simulated-sound,,
1359535,0,simulated-sound,,
1359440,0,simulated-sound,,
1359318,0,simulated-sound,,
1359172,0,simulated-sound,,
1359494,0,simulated-sound,,
1359145,0,simulated-sound,,
1359838,0,simulated-sound,,
1359549,0,simulated-sound,,
1411191,0,simulated-sound,,
1358600,0,simulated-sound,,
1359286,0,simulated-sound,,
1358224,0,simulated-sound,,
1358373,0,automated-ringing,,
1358373,1,simulated-sound,,
1359015,0,automated-ringing,,
1359015,1,simulated-sound,,
1844117,0,automated-ringing,1,Virtual Belfry Ringing Simulator
1844117,1,automated-ringing,2,Virtual Belfry Ringing Simulator
1844117,2,automated-ringing,3,Virtual Belfry Ringing Simulator
1844117,3,automated-ringing,4,Virtual Belfry Ringing Simulator
1844117,4,automated-ringing,5,Virtual Belfry Ringing Simulator
1844117,5,automated-ringing,6,Virtual Belfry Ringing Simulator
1844117,6,automated-ringing,7,Virtual Belfry Ringing Simulator
1844117,7,automated-ringing,8,Virtual Belfry Ringing Simulator
1844117,8,automated-ringing,9,Virtual Belfry Ringing Simulator
1844117,9,automated-ringing,10,Virtual Belfry Ringing Simulator
1844117,10,automated-ringing,11,Virtual Belfry Ringing Simulator
1844117,11,simulated-sound,,
1358202,0,automated-ringing,,
1358202,1,simulated-sound,,
1358263,0,automated-ringing,,
1358263,1,simulated-sound,,
1359821,0,automated-ringing,,
1359821,1,simulated-sound,,
1358155,0,simulated-sound,,
1358091,0,simulated-sound,,
1358046,0,simulated-sound,,
1359618,0,simulated-sound,,
1359955,0,simulated-sound,,
1358453,0,simulated-sound,,
1371950,0,simulated-sound,,
1358567,0,simulated-sound,,
1359427,0,simulated-sound,,
1359078,0,simulated-sound,,
1358287,0,simulated-sound,,
1371952,0,simulated-sound,,
1360326,0,simulated-sound,,
1360041,0,simulated-sound,,
1359957,0,simulated-sound,,
1359000,0,simulated-sound,,
1358321,0,simulated-sound,,
1358492,0,simulated-sound,,
1358389,0,simulated-sound,,
1358385,0,simulated-sound,,
1359361,0,simulated-sound,,
1358916,0,simulated-sound,,
1357972,0,simulated-sound,,
1358279,0,simulated-sound,,
1358148,0,simulated-sound,,
1358343,0,simulated-sound,,
1371951,0,simulated-sound,,
1439127,0,simulated-sound,,Performed on a virtual ringing platform.
1358490,0,simulated-sound,,
1361240,0,simulated-sound,,
1359131,0,simulated-sound,,
1359126,0,simulated-sound,,
1358976,0,simulated-sound,,
1358671,0,simulated-sound,,
1358212,0,simulated-sound,,
1357539,0,simulated-sound,,
1357563,0,simulated-sound,,
1357521,0,simulated-sound,,
1357765,0,simulated-sound,,
1357904,0,simulated-sound,,
1357882,0,simulated-sound,,
1357376,0,first-quarter,3,
1357376,1,first-quarter,4,
1477879,0,simulated-sound,,
1357410,0,simulated-sound,,
1490392,0,simulated-sound,,
1357087,0,simulated-sound,,
1356129,0,simulated-sound,,
1451099,0,automated-ringing,1,Virtual Belfry Ringing Simulator
1451099,1,automated-ringing,2,Virtual Belfry Ringing Simulator
1451099,2,automated-ringing,3,Virtual Belfry Ringing Simulator
1451099,3,automated-ringing,4,Virtual Belfry Ringing Simulator
1451099,4,automated-ringing,5,Virtual Belfry Ringing Simulator
1451099,5,automated-ringing,6,Virtual Belfry Ringing Simulator
1451099,6,automated-ringing,7,Virtual Belfry Ringing Simulator
1451099,7,automated-ringing,8,Virtual Belfry Ringing Simulator
1451099,8,automated-ringing,9,Virtual Belfry Ringing Simulator
1451099,9,simulated-sound,,
1355963,0,simulated-sound,,
1356366,0,first-quarter,1,
1356366,1,first-quarter,2,
1356134,0,simulated-sound,,
1356236,0,simulated-sound,,
1587202,0,simulated-sound,,
1355414,0,simulated-sound,,
1359499,0,simulated-sound,,
1356062,0,simulated-sound,,
1355866,0,simulated-sound,,
1355070,0,automated-ringing,,
1355070,1,simulated-sound,,
1359287,0,simulated-sound,,
1355202,0,simulated-sound,,
1354940,0,simulated-sound,,
1359873,0,simulated-sound,,
1359288,0,simulated-sound,,
1477878,0,simulated-sound,,
1373832,0,simulated-sound,,
1373858,0,simulated-sound,,
1373975,0,simulated-sound,,
1373859,0,simulated-sound,,
1373839,0,simulated-sound,,
1373867,0,simulated-sound,,
1373831,0,simulated-sound,,
1933623,0,simulated-sound,,
1373638,0,simulated-sound,,
1373687,0,simulated-sound,,
1373413,0,automated-ringing,,
1373790,0,simulated-sound,,
1373429,0,simulated-sound,,
1373569,0,simulated-sound,,
1373382,0,simulated-sound,,
1373300,0,simulated-sound,,
1373331,0,simulated-sound,,
1373266,0,simulated-sound,,
1373329,0,first-peal,7,
1373329,1,first-peal,8,
1373229,0,simulated-sound,,
1373222,0,simulated-sound,,
1373239,0,simulated-sound,,
1373063,0,simulated-sound,,
1406079,0,simulated-sound,,
1373069,0,simulated-sound,,
1372997,0,simulated-sound,,
1373014,0,simulated-sound,,
1372917,0,simulated-sound,,
1372908,0,simulated-sound,,
1372814,0,simulated-sound,,
1372897,0,simulated-sound,,
1372887,0,simulated-sound,,
1933622,0,simulated-sound,,
1372895,0,simulated-sound,,
1372894,0,simulated-sound,,
1372892,0,simulated-sound,,
1372762,0,simulated-sound,,
1372710,0,simulated-sound,,
1372635,0,simulated-sound,,
1372448,0,simulated-sound,,
1372560,0,simulated-sound,,
1372381,0,simulated-sound,,
1372375,0,simulated-sound,,
1372365,0,simulated-sound,,
1372347,0,simulated-sound,,
1372343,0,simulated-sound,,
1372266,0,simulated-sound,,
1372128,0,simulated-sound,,
1372274,0,simulated-sound,,Performed on a virtual ringing platform.
1372109,0,simulated-sound,,
1372046,0,simulated-sound,,
1372291,0,simulated-sound,,
1372129,0,simulated-sound,,
1372078,0,simulated-sound,,
1372077,0,simulated-sound,,
1372040,0,simulated-sound,,
1371956,0,simulated-sound,,
1451048,0,automated-ringing,,
1451048,1,simulated-sound,,
1371947,0,automated-ringing,,
1371947,1,simulated-sound,,
1371944,0,simulated-sound,,
1373588,0,simulated-sound,,
1371909,0,simulated-sound,,
1372066,0,simulated-sound,,
1631946,0,simulated-sound,,
1631946,1,first-quarter,1,
1371940,0,simulated-sound,,
1372004,0,simulated-sound,,
1371868,0,simulated-sound,,
1371868,1,first-quarter,6,
1371945,0,simulated-sound,,
1587191,0,simulated-sound,,
1397352,0,simulated-sound,,
1371644,0,simulated-sound,,
1371403,0,simulated-sound,,
1371495,0,simulated-sound,,
1371527,0,simulated-sound,,
1587194,0,simulated-sound,,
1371453,0,simulated-sound,,
1371388,0,simulated-sound,,
1371345,0,simulated-sound,,
1371357,0,simulated-sound,,
1371392,0,simulated-sound,,
1371321,0,simulated-sound,,
1371360,0,simulated-sound,,
1371271,0,simulated-sound,,
1406078,0,simulated-sound,,
1371122,0,simulated-sound,,
1371093,0,simulated-sound,,
1371141,0,simulated-sound,,
1371158,0,simulated-sound,,
1371071,0,simulated-sound,,
1371004,0,simulated-sound,,
1370981,0,simulated-sound,,
1371147,0,simulated-sound,,
1371135,0,simulated-sound,,
1371135,1,first-quarter,8,
1371116,0,simulated-sound,,
1371115,0,simulated-sound,,
1371113,0,simulated-sound,,
1525916,0,simulated-sound,,
1370848,0,simulated-sound,,
1370847,0,simulated-sound,,
1405279,0,simulated-sound,,
1707351,0,simulated-sound,,
1861377,0,simulated-sound,,
1493656,0,simulated-sound,,
1370627,0,simulated-sound,,
1370666,0,simulated-sound,,
1560702,0,simulated-sound,,
1370165,0,simulated-sound,,
1370354,0,simulated-sound,,
1370297,0,simulated-sound,,
1370115,0,simulated-sound,,
1370348,0,simulated-sound,,
1451103,0,automated-ringing,1,Virtual Belfry Ringing Simulator
1451103,1,automated-ringing,2,Virtual Belfry Ringing Simulator
1451103,2,automated-ringing,3,Virtual Belfry Ringing Simulator
1451103,3,automated-ringing,4,Virtual Belfry Ringing Simulator
1451103,4,automated-ringing,5,Virtual Belfry Ringing Simulator
1451103,5,automated-ringing,6,Virtual Belfry Ringing Simulator
1451103,6,automated-ringing,7,Virtual Belfry Ringing Simulator
1451103,7,automated-ringing,8,Virtual Belfry Ringing Simulator
1451103,8,automated-ringing,9,Virtual Belfry Ringing Simulator
1451103,9,simulated-sound,,
1369654,0,simulated-sound,,
1369954,0,simulated-sound,,
1369842,0,simulated-sound,,
1559098,0,simulated-sound,,
1369952,0,simulated-sound,,
1369952,1,first-quarter,1,
1525913,0,simulated-sound,,
1369534,0,simulated-sound,,
1369449,0,simulated-sound,,
1374571,0,simulated-sound,,
1369575,0,simulated-sound,,
1369017,0,simulated-sound,,
1369126,0,simulated-sound,,
1369114,0,simulated-sound,,
1374687,0,simulated-sound,,
1369348,0,simulated-sound,,
1405309,0,simulated-sound,,
1368883,0,simulated-sound,,
1368908,0,simulated-sound,,
1587195,0,simulated-sound,,
1370378,0,simulated-sound,,
1411192,0,simulated-sound,,
1368666,0,simulated-sound,,
1368658,0,simulated-sound,,
1372237,0,simulated-sound,,
1368675,0,simulated-sound,,
1368664,0,simulated-sound,,
1368344,0,simulated-sound,,
1368451,0,simulated-sound,,
1405296,0,simulated-sound,,
1368116,0,simulated-sound,,
1368228,0,simulated-sound,,
1368209,0,simulated-sound,,
1368266,0,simulated-sound,,
1368265,0,simulated-sound,,
1368264,0,simulated-sound,,
1368208,0,simulated-sound,,
1368151,0,simulated-sound,,
1368043,0,simulated-sound,,
1587196,0,simulated-sound,,
1368000,0,simulated-sound,,
1368003,0,simulated-sound,,
1367995,0,simulated-sound,,
1367799,0,simulated-sound,,
1367865,0,simulated-sound,,
1451101,0,automated-ringing,1,Virtual Belfry Ringing Simulator
1451101,1,automated-ringing,2,Virtual Belfry Ringing Simulator
1451101,2,automated-ringing,3,Virtual Belfry Ringing Simulator
1451101,3,automated-ringing,4,Virtual Belfry Ringing Simulator
1451101,4,automated-ringing,5,Virtual Belfry Ringing Simulator
1451101,5,simulated-sound,,
1386489,0,simulated-sound,,
1367789,0,simulated-sound,,
1367632,0,simulated-sound,,
1367563,0,simulated-sound,,
1367614,0,simulated-sound,,
1367534,0,simulated-sound,,
1367443,0,simulated-sound,,
1367522,0,simulated-sound,,
1367491,0,simulated-sound,,
1367448,0,simulated-sound,,
1367446,0,simulated-sound,,
1367544,0,simulated-sound,,
1367539,0,simulated-sound,,
1367536,0,simulated-sound,,
1381094,0,simulated-sound,,
1380984,0,simulated-sound,,
1381011,0,simulated-sound,,
1380961,0,simulated-sound,,
1381006,0,simulated-sound,,
1380909,0,simulated-sound,,
1380916,0,simulated-sound,,
1380915,0,simulated-sound,,
1381228,0,simulated-sound,,
1380885,0,simulated-sound,,
1380699,0,simulated-sound,,
1380703,0,simulated-sound,,
1560698,0,simulated-sound,,
1382915,0,simulated-sound,,
1382915,1,first-quarter,1,
1611852,0,first-quarter,2,
1611852,1,first-quarter,4,
1380418,0,simulated-sound,,
1380414,0,simulated-sound,,
1397085,0,simulated-sound,,
1405278,0,simulated-sound,,
1405272,0,simulated-sound,,
1587184,0,simulated-sound,,
1379653,0,simulated-sound,,
1379509,0,simulated-sound,,
1379487,0,simulated-sound,,
1379592,0,simulated-sound,,
1379499,0,simulated-sound,,
1587185,0,simulated-sound,,
1379323,0,simulated-sound,,
1381414,0,simulated-sound,,
1379236,0,simulated-sound,,
1413133,0,simulated-sound,,
1379585,0,simulated-sound,,
1451105,0,automated-ringing,1,Virtual Belfry Ringing Simulator
1451105,1,automated-ringing,2,Virtual Belfry Ringing Simulator
1451105,2,automated-ringing,3,Virtual Belfry Ringing Simulator
1451105,3,automated-ringing,4,Virtual Belfry Ringing Simulator
1451105,4,automated-ringing,5,Virtual Belfry Ringing Simulator
1451105,5,automated-ringing,6,Virtual Belfry Ringing Simulator
1451105,6,automated-ringing,7,Virtual Belfry Ringing Simulator
1451105,7,automated-ringing,8,Virtual Belfry Ringing Simulator
1451105,8,automated-ringing,9,Virtual Belfry Ringing Simulator
1451105,9,automated-ringing,10,Virtual Belfry Ringing Simulator
1451105,10,automated-ringing,11,Virtual Belfry Ringing Simulator
1451105,11,simulated-sound,,
1379089,0,simulated-sound,,
1379112,0,simulated-sound,,
1379105,0,simulated-sound,,
1379116,0,simulated-sound,,
1379127,0,simulated-sound,,
1379056,0,simulated-sound,,
1379048,0,simulated-sound,,
1379044,0,simulated-sound,,
1378808,0,simulated-sound,,
1378777,0,simulated-sound,,
1378908,0,simulated-sound,,
1413134,0,simulated-sound,,
1406084,0,simulated-sound,,
1378572,0,simulated-sound,,
1378683,0,simulated-sound,,
1378818,0,simulated-sound,,
1378496,0,simulated-sound,,
1378820,0,simulated-sound,,
1401411,0,simulated-sound,,
1401411,1,first-peal,5,
1587186,0,simulated-sound,,
1377900,0,simulated-sound,,
1377942,0,simulated-sound,,
1377941,0,simulated-sound,,
1378062,0,simulated-sound,,
1377825,0,simulated-sound,,
1406083,0,simulated-sound,,
1451104,0,automated-ringing,1,Virtual Belfry Ringing Simulator
1451104,1,automated-ringing,2,Virtual Belfry Ringing Simulator
1451104,2,automated-ringing,3,Virtual Belfry Ringing Simulator
1451104,3,automated-ringing,4,Virtual Belfry Ringing Simulator
1451104,4,automated-ringing,5,Virtual Belfry Ringing Simulator
1451104,5,automated-ringing,6,Virtual Belfry Ringing Simulator
1451104,6,automated-ringing,7,Virtual Belfry Ringing Simulator
1451104,7,simulated-sound,,
1377656,0,simulated-sound,,
1377683,0,simulated-sound,,
1377543,0,simulated-sound,,
1377496,0,simulated-sound,,
1377535,0,simulated-sound,,
1377521,0,simulated-sound,,
1377520,0,simulated-sound,,
1377489,0,simulated-sound,,
1377557,0,simulated-sound,,
1377349,0,simulated-sound,,
1377338,0,simulated-sound,,
1377245,0,simulated-sound,,
1405771,0,simulated-sound,,
1377185,0,simulated-sound,,
1397086,0,simulated-sound,,
1376988,0,simulated-sound,,
1405297,0,simulated-sound,,
1376991,0,simulated-sound,,
1377132,0,simulated-sound,,
1587187,0,simulated-sound,,
1405828,0,simulated-sound,,
1376601,0,simulated-sound,,
1376587,0,simulated-sound,,
1376583,0,simulated-sound,,
1376463,0,simulated-sound,,
1377126,0,simulated-sound,,
1376415,0,simulated-sound,,
1376455,0,simulated-sound,,
1376581,0,simulated-sound,,
1386264,0,simulated-sound,,
1376346,0,simulated-sound,,
1376193,0,simulated-sound,,
1933624,0,simulated-sound,,
1376166,0,simulated-sound,,
1376156,0,simulated-sound,,
1376134,0,simulated-sound,,
1375969,0,simulated-sound,,
1375996,0,simulated-sound,,
1375963,0,simulated-sound,,
1375966,0,simulated-sound,,
1375915,0,simulated-sound,,
1375858,0,simulated-sound,,
1375678,0,simulated-sound,,
1375459,0,simulated-sound,,
1376413,0,simulated-sound,,
1376721,0,simulated-sound,,
1375660,0,simulated-sound,,
1375621,0,simulated-sound,,
1375666,0,simulated-sound,,
1375031,0,simulated-sound,,
1587188,0,simulated-sound,,
1375097,0,simulated-sound,,
1375096,0,simulated-sound,,
1375371,0,simulated-sound,,
1375446,0,simulated-sound,,
1375113,0,simulated-sound,,
1374679,0,first-quarter,6,
1374882,0,simulated-sound,,
1374892,0,simulated-sound,,
1374751,0,simulated-sound,,
1374568,0,simulated-sound,,
1406081,0,simulated-sound,,
1374455,0,simulated-sound,,
1374903,0,simulated-sound,,
1587189,0,simulated-sound,,
1401409,0,simulated-sound,,
1374449,0,simulated-sound,,
1377127,0,simulated-sound,,
1374327,0,simulated-sound,,
1374273,0,simulated-sound,,
1374286,0,simulated-sound,,
1374388,0,simulated-sound,,
1374071,0,simulated-sound,,
1374112,0,simulated-sound,,
1374086,0,simulated-sound,,
1374065,0,simulated-sound,,
1374084,0,simulated-sound,,
1374452,0,simulated-sound,,
1387569,0,simulated-sound,,
1387664,0,simulated-sound,,
1387605,0,simulated-sound,,
1387195,0,first-peal,1,
1387195,1,first-peal,2,
1387285,0,simulated-sound,,
1397087,0,simulated-sound,,
1387319,0,simulated-sound,,
1405300,0,simulated-sound,,
1451107,0,automated-ringing,1,Virtual Belfry Ringing Simulator
1451107,1,automated-ringing,2,Virtual Belfry Ringing Simulator
1451107,2,automated-ringing,3,Virtual Belfry Ringing Simulator
1451107,3,automated-ringing,4,Virtual Belfry Ringing Simulator
1451107,4,automated-ringing,5,Virtual Belfry Ringing Simulator
1451107,5,automated-ringing,6,Virtual Belfry Ringing Simulator
1451107,6,automated-ringing,7,Virtual Belfry Ringing Simulator
1451107,7,simulated-sound,,
1386946,0,simulated-sound,,
1397083,0,simulated-sound,,
1386920,0,simulated-sound,,
1386689,0,simulated-sound,,
1933696,0,simulated-sound,,
1413132,0,simulated-sound,,
1386666,0,simulated-sound,,
1396619,0,automated-ringing,,
1396619,1,simulated-sound,,
1386501,0,simulated-sound,,
1386520,0,simulated-sound,,
1386503,0,simulated-sound,,
1386443,0,simulated-sound,,
1386294,0,simulated-sound,,
1386298,0,simulated-sound,,
1386256,0,simulated-sound,,
1386265,0,simulated-sound,,
1386287,0,simulated-sound,,
1386284,0,simulated-sound,,
1386137,0,simulated-sound,,
1386127,0,simulated-sound,,
1386109,0,simulated-sound,,
1386144,0,simulated-sound,,
1386114,0,simulated-sound,,
1386152,0,simulated-sound,,
1385929,0,simulated-sound,,
1386078,0,simulated-sound,,
1386033,0,simulated-sound,,
1385970,0,simulated-sound,,
1385984,0,simulated-sound,,
1386353,0,automated-ringing,,
1386353,1,simulated-sound,,
1385751,0,simulated-sound,,Performed on a ring of dumb bells.
1385767,0,simulated-sound,,
1385816,0,simulated-sound,,
1385993,0,simulated-sound,,
1401410,0,simulated-sound,,
1385699,0,simulated-sound,,
1385504,0,simulated-sound,,
1385578,0,simulated-sound,,
1676492,0,simulated-sound,,
1395105,0,simulated-sound,,
1384334,0,simulated-sound,,
1384726,0,simulated-sound,,
1384958,0,simulated-sound,,
1384659,0,simulated-sound,,
1384748,0,simulated-sound,,
1440940,0,simulated-sound,,
1384227,0,simulated-sound,,
1396620,0,automated-ringing,,
1396620,1,simulated-sound,,
1933695,0,simulated-sound,,
1384598,0,simulated-sound,,
1397088,0,simulated-sound,,
1384738,0,simulated-sound,,
1383992,0,simulated-sound,,
1384001,0,simulated-sound,,
1383971,0,simulated-sound,,
1383934,0,simulated-sound,,
1383766,0,simulated-sound,,
1587182,0,simulated-sound,,
1383540,0,simulated-sound,,
1383452,0,simulated-sound,,
1383547,0,simulated-sound,,
1383573,0,simulated-sound,,
1587183,0,simulated-sound,,
1383386,0,simulated-sound,,
1405299,0,simulated-sound,,
1383995,0,simulated-sound,,
1382778,0,simulated-sound,,
1382901,0,simulated-sound,,
1382590,0,simulated-sound,,
1382750,0,simulated-sound,,
1384600,0,simulated-sound,,
1382586,0,simulated-sound,,
1382551,0,simulated-sound,,
1405599,0,simulated-sound,,
1382311,0,simulated-sound,,
1382319,0,simulated-sound,,
1382154,0,simulated-sound,,
1381976,0,simulated-sound,,
1933694,0,simulated-sound,,
1381874,0,simulated-sound,,
1381863,0,simulated-sound,,
1381907,0,simulated-sound,,
1381672,0,simulated-sound,,
1381646,0,simulated-sound,,
1381728,0,simulated-sound,,
1405298,0,simulated-sound,,
1381590,0,simulated-sound,,
1381584,0,simulated-sound,,
1451106,0,automated-ringing,1,Virtual Belfry Ringing Simulator
1451106,1,automated-ringing,2,Virtual Belfry Ringing Simulator
1451106,2,automated-ringing,3,Virtual Belfry Ringing Simulator
1451106,3,automated-ringing,4,Virtual Belfry Ringing Simulator
1451106,4,automated-ringing,5,Virtual Belfry Ringing Simulator
1451106,5,automated-ringing,6,Virtual Belfry Ringing Simulator
1451106,6,automated-ringing,7,Virtual Belfry Ringing Simulator
1451106,7,automated-ringing,8,Virtual Belfry Ringing Simulator
1451106,8,automated-ringing,9,Virtual Belfry Ringing Simulator
1451106,9,automated-ringing,10,Virtual Belfry Ringing Simulator
1451106,10,automated-ringing,11,Virtual Belfry Ringing Simulator
1451106,11,simulated-sound,,
1394179,0,simulated-sound,,
1394169,0,simulated-sound,,
1393910,0,simulated-sound,,
1394168,0,simulated-sound,,
1394167,0,simulated-sound,,
1393888,0,simulated-sound,,
1393924,0,simulated-sound,,
1397833,0,simulated-sound,,
1393446,0,simulated-sound,,
1393534,0,simulated-sound,,
1393500,0,simulated-sound,,
1393454,0,simulated-sound,,
1393301,0,simulated-sound,,
1392889,0,simulated-sound,,
1392840,0,simulated-sound,,
1392840,1,first-quarter,6,
1418829,0,simulated-sound,,
1392835,0,simulated-sound,,
1392795,0,simulated-sound,,
1392795,1,first-quarter,1,
1392795,2,first-quarter,5,
1392776,0,simulated-sound,,
1413128,0,simulated-sound,,
1405303,0,simulated-sound,,
1392395,0,simulated-sound,,
1393347,0,simulated-sound,,
1393347,1,first-quarter,1,
1392118,0,simulated-sound,,
1392339,0,simulated-sound,,
1392054,0,simulated-sound,,
1392026,0,simulated-sound,,
1391862,0,simulated-sound,,
1392621,0,first-quarter,6,
1391790,0,simulated-sound,,
1391887,0,simulated-sound,,
1391423,0,simulated-sound,,
1424981,0,simulated-sound,,
1391305,0,simulated-sound,,
1391354,0,simulated-sound,,
1391377,0,simulated-sound,,
1391767,0,simulated-sound,,
1391313,0,simulated-sound,,
1391309,0,simulated-sound,,
1391312,0,simulated-sound,,
1391303,0,simulated-sound,,
1391263,0,simulated-sound,,
1391260,0,simulated-sound,,
1451110,0,automated-ringing,1,Virtual Belfry Ringing Simulator
1451110,1,automated-ringing,2,Virtual Belfry Ringing Simulator
1451110,2,automated-ringing,3,Virtual Belfry Ringing Simulator
1451110,3,automated-ringing,4,Virtual Belfry Ringing Simulator
1451110,4,automated-ringing,5,Virtual Belfry Ringing Simulator
1451110,5,automated-ringing,6,Virtual Belfry Ringing Simulator
1451110,6,automated-ringing,7,Virtual Belfry Ringing Simulator
1451110,7,automated-ringing,8,Virtual Belfry Ringing Simulator
1451110,8,automated-ringing,9,Virtual Belfry Ringing Simulator
1451110,9,simulated-sound,,
1396617,0,automated-ringing,,
1396617,1,simulated-sound,,
1391041,0,simulated-sound,,
1391063,0,simulated-sound,,
1413129,0,simulated-sound,,
1391088,0,simulated-sound,,
1418177,0,simulated-sound,,Performed on a virtual ringing platform.
1418177,1,first-quarter,1,
1413130,0,simulated-sound,,
1390529,0,simulated-sound,,
1390881,0,simulated-sound,,
1390681,0,simulated-sound,,
1390612,0,simulated-sound,,
1390542,0,simulated-sound,,
1390506,0,new-method,,
1396618,0,automated-ringing,,
1396618,1,simulated-sound,,
1390454,0,simulated-sound,,
1390507,0,simulated-sound,,
1451109,0,automated-ringing,1,Virtual Belfry Ringing Simulator
1451109,1,automated-ringing,2,Virtual Belfry Ringing Simulator
1451109,2,automated-ringing,3,Virtual Belfry Ringing Simulator
1451109,3,automated-ringing,4,Virtual Belfry Ringing Simulator
1451109,4,automated-ringing,5,Virtual Belfry Ringing Simulator
1451109,5,automated-ringing,6,Virtual Belfry Ringing Simulator
1451109,6,automated-ringing,7,Virtual Belfry Ringing Simulator
1451109,7,automated-ringing,8,Virtual Belfry Ringing Simulator
1451109,8,automated-ringing,9,Virtual Belfry Ringing Simulator
1451109,9,automated-ringing,10,Virtual Belfry Ringing Simulator
1451109,10,automated-ringing,11,Virtual Belfry Ringing Simulator
1451109,11,simulated-sound,,
1390370,0,simulated-sound,,
1390369,0,simulated-sound,,
1390386,0,simulated-sound,,
1390381,0,simulated-sound,,
1390342,0,simulated-sound,,
1390377,0,simulated-sound,,
1390266,0,simulated-sound,,
1587181,0,simulated-sound,,
1390000,0,simulated-sound,,
1389828,0,simulated-sound,,
1390179,0,simulated-sound,,
1405302,0,simulated-sound,,
1389223,0,simulated-sound,,
1451108,0,automated-ringing,1,Virtual Belfry Ringing Simulator
1451108,1,automated-ringing,2,Virtual Belfry Ringing Simulator
1451108,2,automated-ringing,3,Virtual Belfry Ringing Simulator
1451108,3,automated-ringing,4,Virtual Belfry Ringing Simulator
1451108,4,automated-ringing,5,Virtual Belfry Ringing Simulator
1451108,5,automated-ringing,6,Virtual Belfry Ringing Simulator
1451108,6,automated-ringing,7,Virtual Belfry Ringing Simulator
1451108,7,automated-ringing,8,Virtual Belfry Ringing Simulator
1451108,8,automated-ringing,9,Virtual Belfry Ringing Simulator
1451108,9,simulated-sound,,
1389459,0,simulated-sound,,
1390034,0,simulated-sound,,
1388939,0,simulated-sound,,
1413131,0,simulated-sound,,
1405301,0,simulated-sound,,
1388334,0,simulated-sound,,
1388586,0,simulated-sound,,
1388288,0,simulated-sound,,
1388229,0,simulated-sound,,
1388462,0,simulated-sound,,
1388307,0,simulated-sound,,
1397901,0,simulated-sound,,
1397901,1,first-quarter,2,
1388277,0,simulated-sound,,
1388333,0,simulated-sound,,
1388333,1,first-quarter,6,
1388328,0,simulated-sound,,
1388072,0,simulated-sound,,
1388053,0,simulated-sound,,
1399201,0,simulated-sound,,
1399082,0,simulated-sound,,
1399146,0,simulated-sound,,
1485483,0,automated-ringing,1,Abel
1485483,1,automated-ringing,3,Abel
1485483,2,automated-ringing,4,Abel
1485483,3,automated-ringing,5,Abel
1485483,4,automated-ringing,6,Abel
1485483,5,automated-ringing,7,Abel
1485483,6,automated-ringing,8,Abel
1485483,7,simulated-sound,,
1398845,0,simulated-sound,,
1398798,0,simulated-sound,,
1398659,0,simulated-sound,,
1398841,0,simulated-sound,,
1398673,0,simulated-sound,,
1398894,0,simulated-sound,,
1398765,0,simulated-sound,,
1399623,0,simulated-sound,,
1398580,0,first-quarter,1,
1398580,1,first-quarter,2,
1398627,0,first-peal,1,
1398627,1,first-peal,2,
1405593,0,simulated-sound,,
1398572,0,simulated-sound,,
1398629,0,simulated-sound,,
1399379,0,simulated-sound,,
1398866,0,simulated-sound,,
1398603,0,simulated-sound,,
1398577,0,simulated-sound,,
1398674,0,simulated-sound,,
1398624,0,simulated-sound,,
1485481,0,automated-ringing,1,Abel
1485481,1,automated-ringing,3,Abel
1485481,2,automated-ringing,4,Abel
1485481,3,automated-ringing,5,Abel
1485481,4,automated-ringing,6,Abel
1485481,5,automated-ringing,7,Abel
1485481,6,automated-ringing,8,Abel
1485481,7,simulated-sound,,
1834284,0,simulated-sound,,
1398180,0,simulated-sound,,
1398346,0,simulated-sound,,
1398342,0,simulated-sound,,
1398326,0,simulated-sound,,
1502289,0,simulated-sound,,
1502281,0,simulated-sound,,
1485480,0,automated-ringing,1,Abel
1485480,1,automated-ringing,2,Abel
1485480,2,automated-ringing,3,Abel
1485480,3,automated-ringing,5,Abel
1485480,4,automated-ringing,6,Abel
1485480,5,automated-ringing,7,Abel
1485480,6,automated-ringing,8,Abel
1485480,7,simulated-sound,,
1398014,0,simulated-sound,,
1405670,0,simulated-sound,,
1413121,0,simulated-sound,,
1397954,0,simulated-sound,,
1485477,0,automated-ringing,1,Abel
1485477,1,automated-ringing,3,Abel
1485477,2,automated-ringing,4,Abel
1485477,3,automated-ringing,5,Abel
1485477,4,automated-ringing,6,Abel
1485477,5,automated-ringing,7,Abel
1485477,6,automated-ringing,8,Abel
1485477,7,simulated-sound,,
1397999,0,simulated-sound,,
1397929,0,simulated-sound,,
1397897,0,simulated-sound,,
1397942,0,simulated-sound,,
1413122,0,simulated-sound,,
1397695,0,simulated-sound,,Performed on a ring of dumb bells.
1485245,0,automated-ringing,1,Abel
1485245,1,automated-ringing,3,Abel
1485245,2,automated-ringing,4,Abel
1485245,3,automated-ringing,5,Abel
1485245,4,automated-ringing,6,Abel
1485245,5,automated-ringing,7,Abel
1485245,6,automated-ringing,8,Abel
1485245,7,simulated-sound,,
1397854,0,simulated-sound,,
1397828,0,simulated-sound,,
1397832,0,simulated-sound,,
1397791,0,simulated-sound,,
1559107,0,simulated-sound,,Performed on a virtual ringing platform.
1397655,0,first-peal,5,
1397655,1,first-peal,6,
1397709,0,simulated-sound,,
1397671,0,simulated-sound,,
1397691,0,simulated-sound,,
1397692,0,simulated-sound,,
1397663,0,simulated-sound,,
1397532,0,simulated-sound,,
1397609,0,simulated-sound,,
1397536,0,simulated-sound,,
1397364,0,first-quarter,6,
1397440,0,simulated-sound,,
1397399,0,simulated-sound,,
1933699,0,simulated-sound,,
1397381,0,simulated-sound,,
1413123,0,simulated-sound,,
1397280,0,simulated-sound,,
1397286,0,simulated-sound,,
1397308,0,simulated-sound,,
1397300,0,simulated-sound,,
1397169,0,simulated-sound,,
1413124,0,simulated-sound,,
1405594,0,simulated-sound,,
1396863,0,simulated-sound,,
1396885,0,simulated-sound,,
1396813,0,simulated-sound,,
1396708,0,first-peal,8,
1485240,0,automated-ringing,1,Abel
1485240,1,automated-ringing,3,Abel
1485240,2,automated-ringing,4,Abel
1485240,3,automated-ringing,5,Abel
1485240,4,automated-ringing,6,Abel
1485240,5,automated-ringing,7,Abel
1485240,6,automated-ringing,8,Abel
1485240,7,simulated-sound,,
1396748,0,simulated-sound,,
1396608,0,simulated-sound,,
1396731,0,simulated-sound,,
1396691,0,simulated-sound,,
1525915,0,simulated-sound,,
1396583,0,simulated-sound,,
1396584,0,simulated-sound,,
1484182,0,automated-ringing,1,Abel
1484182,1,automated-ringing,3,Abel
1484182,2,automated-ringing,4,Abel
1484182,3,automated-ringing,5,Abel
1484182,4,automated-ringing,6,Abel
1484182,5,automated-ringing,7,Abel
1484182,6,automated-ringing,8,Abel
1484182,7,simulated-sound,,
1484038,0,automated-ringing,1,Abel
1484038,1,automated-ringing,3,Abel
1484038,2,automated-ringing,4,Abel
1484038,3,automated-ringing,5,Abel
1484038,4,automated-ringing,6,Abel
1484038,5,automated-ringing,7,Abel
1484038,6,automated-ringing,8,Abel
1484038,7,simulated-sound,,
1396528,0,simulated-sound,,
1396593,0,simulated-sound,,
1396545,0,simulated-sound,,
1396561,0,simulated-sound,,
1897793,0,simulated-sound,,
1396453,0,simulated-sound,,
1396419,0,simulated-sound,,
1396282,0,simulated-sound,,
1396290,0,automated-ringing,,
1396290,1,simulated-sound,,
1396256,0,simulated-sound,,
1396259,0,simulated-sound,,
1396233,0,simulated-sound,,
1396234,0,simulated-sound,,
1396177,0,simulated-sound,,
1396202,0,simulated-sound,,
1413125,0,simulated-sound,,
1405595,0,simulated-sound,,
1485231,0,automated-ringing,1,Abel
1485231,1,automated-ringing,3,Abel
1485231,2,automated-ringing,4,Abel
1485231,3,automated-ringing,5,Abel
1485231,4,automated-ringing,6,Abel
1485231,5,automated-ringing,7,Abel
1485231,6,automated-ringing,8,Abel
1485231,7,simulated-sound,,
1395973,0,simulated-sound,,
1395887,0,simulated-sound,,
1395946,0,simulated-sound,,
1424980,0,simulated-sound,,
1485230,0,automated-ringing,1,Abel
1485230,1,automated-ringing,3,Abel
1485230,2,automated-ringing,4,Abel
1485230,3,automated-ringing,5,Abel
1485230,4,automated-ringing,6,Abel
1485230,5,automated-ringing,7,Abel
1485230,6,automated-ringing,8,Abel
1485230,7,simulated-sound,,
1395871,0,simulated-sound,,
1415702,0,simulated-sound,,
1395861,0,simulated-sound,,
1395862,0,simulated-sound,,
1405596,0,simulated-sound,,
1395774,0,simulated-sound,,
1395620,0,simulated-sound,,
1407598,0,simulated-sound,,
1395556,0,simulated-sound,,
1395547,0,simulated-sound,,
1395502,0,simulated-sound,,
1395535,0,simulated-sound,,
1407596,0,simulated-sound,,
1395388,0,simulated-sound,,
1933698,0,simulated-sound,,
1395265,0,simulated-sound,,
1395267,0,simulated-sound,,
1395274,0,simulated-sound,,
1413126,0,simulated-sound,,
1814012,0,simulated-sound,,
1395192,0,simulated-sound,,
1395194,0,simulated-sound,,
1395241,0,simulated-sound,,
1394983,0,simulated-sound,,
1394923,0,simulated-sound,,
1451111,0,automated-ringing,1,Virtual Belfry Ringing Simulator
1451111,1,automated-ringing,2,Virtual Belfry Ringing Simulator
1451111,2,automated-ringing,3,Virtual Belfry Ringing Simulator
1451111,3,automated-ringing,4,Virtual Belfry Ringing Simulator
1451111,4,automated-ringing,5,Virtual Belfry Ringing Simulator
1451111,5,automated-ringing,6,Virtual Belfry Ringing Simulator
1451111,6,automated-ringing,7,Virtual Belfry Ringing Simulator
1451111,7,automated-ringing,8,Virtual Belfry Ringing Simulator
1451111,8,automated-ringing,9,Virtual Belfry Ringing Simulator
1451111,9,automated-ringing,10,Virtual Belfry Ringing Simulator
1451111,10,automated-ringing,11,Virtual Belfry Ringing Simulator
1451111,11,simulated-sound,,
1394731,0,simulated-sound,,
1394497,0,simulated-sound,,
1413127,0,simulated-sound,,
1405304,0,simulated-sound,,
1485227,0,automated-ringing,1,Abel
1485227,1,automated-ringing,3,Abel
1485227,2,automated-ringing,4,Abel
1485227,3,automated-ringing,5,Abel
1485227,4,automated-ringing,6,Abel
1485227,5,automated-ringing,7,Abel
1485227,6,automated-ringing,8,Abel
1485227,7,simulated-sound,,
1394363,0,simulated-sound,,
1405249,0,simulated-sound,,
1405102,0,simulated-sound,,
1405607,0,simulated-sound,,
1405250,0,simulated-sound,,
1405072,0,simulated-sound,,
1405072,1,first-quarter,1,
1405258,0,simulated-sound,,
1405225,0,simulated-sound,,
1405228,0,simulated-sound,,
1413112,0,simulated-sound,,
1405827,0,first-quarter,6,
1405307,0,simulated-sound,,
1405017,0,simulated-sound,,
1405017,1,first-quarter,1,
1404988,0,simulated-sound,,
1405016,0,simulated-sound,,
1404984,0,simulated-sound,,
1405056,0,simulated-sound,,
1405036,0,simulated-sound,,
1405048,0,simulated-sound,,
1404989,0,simulated-sound,,
1404992,0,first-peal,1,
1404992,1,first-peal,2,
1404930,0,simulated-sound,,
1404875,0,simulated-sound,,
1404981,0,simulated-sound,,
1404890,0,simulated-sound,,
1773596,0,simulated-sound,,
1451115,0,automated-ringing,1,Abel
1451115,1,automated-ringing,2,Abel
1451115,2,automated-ringing,3,Abel
1451115,3,automated-ringing,4,Abel
1451115,4,automated-ringing,6,Abel
1451115,5,simulated-sound,,
1485577,0,automated-ringing,1,Abel
1485577,1,automated-ringing,2,Abel
1485577,2,automated-ringing,4,Abel
1485577,3,automated-ringing,5,Abel
1485577,4,automated-ringing,6,Abel
1485577,5,automated-ringing,7,Abel
1485577,6,automated-ringing,8,Abel
1485577,7,simulated-sound,,
1484041,0,automated-ringing,1,Abel
1484041,1,automated-ringing,3,Abel
1484041,2,automated-ringing,4,Abel
1484041,3,automated-ringing,5,Abel
1484041,4,automated-ringing,6,Abel
1484041,5,automated-ringing,7,Abel
1484041,6,automated-ringing,8,Abel
1484041,7,simulated-sound,,
1404834,0,simulated-sound,,
1406908,0,simulated-sound,,
1404836,0,simulated-sound,,
1404835,0,simulated-sound,,
1404801,0,simulated-sound,,
1404689,0,simulated-sound,,
1404618,0,simulated-sound,,
1404632,0,simulated-sound,,
1404601,0,simulated-sound,,
1405261,0,simulated-sound,,
1405260,0,simulated-sound,,
1441218,0,simulated-sound,,
1404612,0,simulated-sound,,
1404462,0,simulated-sound,,
1404733,0,simulated-sound,,
1404459,0,simulated-sound,,
1404815,0,simulated-sound,,
1404533,0,simulated-sound,,
1404602,0,automated-ringing,,
1404602,1,simulated-sound,,
1404521,0,simulated-sound,,
1404511,0,simulated-sound,,
1404464,0,simulated-sound,,
1404443,0,simulated-sound,,
1404530,0,simulated-sound,,
1404528,0,simulated-sound,,
1404460,0,simulated-sound,,
1502288,0,simulated-sound,,
1404357,0,simulated-sound,,
1404224,0,simulated-sound,,
1404329,0,simulated-sound,,
1404339,0,simulated-sound,,
1404204,0,simulated-sound,,
1404036,0,simulated-sound,,
1405271,0,simulated-sound,,
1405262,0,simulated-sound,,
1404194,0,simulated-sound,,
1404185,0,simulated-sound,,
1404201,0,simulated-sound,,
1525922,0,simulated-sound,,
1405588,0,simulated-sound,,
1405306,0,simulated-sound,,
1403814,0,simulated-sound,,
1403817,0,simulated-sound,,
1403877,0,simulated-sound,,
1403950,0,simulated-sound,,
1403917,0,simulated-sound,,
1403894,0,simulated-sound,,
1403811,0,simulated-sound,,
1403555,0,simulated-sound,,
1403559,0,simulated-sound,,
1403839,0,simulated-sound,,
1403519,0,simulated-sound,,
1403550,0,simulated-sound,,
1403765,0,simulated-sound,,
1403553,0,simulated-sound,,
1773595,0,simulated-sound,,
1403560,0,simulated-sound,,
1403434,0,automated-ringing,5,
1403434,1,automated-ringing,6,
1403434,2,automated-ringing,7,
1403434,3,automated-ringing,8,
1403434,4,first-quarter,5,
1403434,5,first-quarter,6,
1403434,6,first-quarter,7,
1403434,7,first-quarter,8,
1451114,0,automated-ringing,2,Abel
1451114,1,automated-ringing,3,Abel
1451114,2,automated-ringing,4,Abel
1451114,3,automated-ringing,5,Abel
1451114,4,automated-ringing,6,Abel
1451114,5,automated-ringing,7,Abel
1451114,6,automated-ringing,8,Abel
1451114,7,automated-ringing,9,Abel
1451114,8,automated-ringing,10,Abel
1451114,9,simulated-sound,,
1403506,0,simulated-sound,,
1403510,0,simulated-sound,,
1403505,0,simulated-sound,,
1403477,0,simulated-sound,,
1403498,0,simulated-sound,,
1403339,0,simulated-sound,,
1403952,0,simulated-sound,,
1403391,0,simulated-sound,,
1403390,0,simulated-sound,,
1413550,0,simulated-sound,,
1405305,0,simulated-sound,,
1403292,0,simulated-sound,,
1405273,0,simulated-sound,,
1933703,0,simulated-sound,,
1403298,0,simulated-sound,,
1403215,0,simulated-sound,,
1403114,0,simulated-sound,,
1403149,0,simulated-sound,,
1403168,0,simulated-sound,,
1403316,0,simulated-sound,,
1576379,0,simulated-sound,,Performed on a virtual ringing platform.
1403081,0,simulated-sound,,
1403293,0,simulated-sound,,
1403293,1,first-quarter,1,
1402897,0,simulated-sound,,
1402934,0,simulated-sound,,
1403018,0,simulated-sound,,
1405667,0,simulated-sound,,
1402925,0,simulated-sound,,
1403098,0,simulated-sound,,
1559102,0,simulated-sound,,Performed on a virtual ringing platform.
1402850,0,simulated-sound,,
1402861,0,automated-ringing,1,Abel
1402861,1,automated-ringing,2,Abel
1402861,2,automated-ringing,3,Abel
1402861,3,automated-ringing,4,Abel
1402861,4,automated-ringing,5,Abel
1402861,5,automated-ringing,6,Abel
1402861,6,simulated-sound,,
1402747,0,simulated-sound,,
1402840,0,simulated-sound,,
1402744,0,simulated-sound,,
1402846,0,simulated-sound,,
1402875,0,simulated-sound,,
1404341,0,simulated-sound,,
1402847,0,simulated-sound,,
1402737,0,simulated-sound,,
1451113,0,automated-ringing,1,Virtual Belfry Ringing Simulator
1451113,1,automated-ringing,2,Virtual Belfry Ringing Simulator
1451113,2,automated-ringing,3,Virtual Belfry Ringing Simulator
1451113,3,automated-ringing,4,Virtual Belfry Ringing Simulator
1451113,4,automated-ringing,6,Virtual Belfry Ringing Simulator
1451113,5,simulated-sound,,
1402734,0,simulated-sound,,
1402732,0,simulated-sound,,
1402731,0,simulated-sound,,
1402720,0,simulated-sound,,
1402636,0,simulated-sound,,
1402622,0,simulated-sound,,
1402613,0,simulated-sound,,
1413113,0,simulated-sound,,
1402181,0,simulated-sound,,Performed on a ring of dumb bells.
1402654,0,simulated-sound,,
1402270,0,simulated-sound,,
1402342,0,simulated-sound,,
1402620,0,simulated-sound,,
1402258,0,simulated-sound,,
1402460,0,simulated-sound,,
1487017,0,automated-ringing,1,Virtual Belfry Ringing Simulator
1487017,1,automated-ringing,2,Virtual Belfry Ringing Simulator
1487017,2,automated-ringing,3,Virtual Belfry Ringing Simulator
1487017,3,automated-ringing,4,Virtual Belfry Ringing Simulator
1487017,4,automated-ringing,6,Virtual Belfry Ringing Simulator
1487017,5,simulated-sound,,
1401909,0,simulated-sound,,
1401966,0,simulated-sound,,
1402718,0,simulated-sound,,
1401948,0,simulated-sound,,
1402131,0,simulated-sound,,
1413117,0,simulated-sound,,
1413116,0,simulated-sound,,
1413115,0,simulated-sound,,
1413114,0,simulated-sound,,
1401885,0,simulated-sound,,
1401872,0,simulated-sound,,
1401874,0,simulated-sound,,
1401908,0,simulated-sound,,
1401866,0,simulated-sound,,
1401788,0,simulated-sound,,
1401791,0,simulated-sound,,
1413118,0,simulated-sound,,
1401526,0,simulated-sound,,
1405274,0,simulated-sound,,
1405264,0,simulated-sound,,
1933701,0,simulated-sound,,
1401618,0,simulated-sound,,
1401478,0,simulated-sound,,
1401421,0,simulated-sound,,
1401550,0,simulated-sound,,
1413119,0,simulated-sound,,
1451051,0,automated-ringing,,
1451051,1,simulated-sound,,
1432664,0,simulated-sound,,
1401300,0,simulated-sound,,
1401381,0,simulated-sound,,
1401047,0,simulated-sound,,
1401340,0,simulated-sound,,
1401334,0,simulated-sound,,
1401279,0,simulated-sound,,
1449018,0,simulated-sound,,
1401302,0,simulated-sound,,
1401100,0,simulated-sound,,
1401270,0,simulated-sound,,
1401290,0,simulated-sound,,
1401045,0,simulated-sound,,
1400876,0,simulated-sound,,
1401511,0,simulated-sound,,
1401508,0,simulated-sound,,
1401510,0,simulated-sound,,
1400908,0,simulated-sound,,
1401003,0,simulated-sound,,
1400868,0,simulated-sound,,
1400806,0,simulated-sound,,
1400904,0,simulated-sound,,
1400920,0,simulated-sound,,
1401001,0,simulated-sound,,
1401000,0,simulated-sound,,
1405622,0,simulated-sound,,
1400956,0,simulated-sound,,
1400774,0,simulated-sound,,
1400737,0,simulated-sound,,
1405275,0,simulated-sound,,
1400674,0,simulated-sound,,
1406191,0,simulated-sound,,
1400227,0,simulated-sound,,
1451050,0,automated-ringing,,
1451050,1,simulated-sound,,
1400232,0,simulated-sound,,
1697520,0,simulated-sound,,
1401815,0,simulated-sound,,
1400440,0,simulated-sound,,
1400416,0,simulated-sound,,
1400416,1,first-quarter,1,
1587180,0,simulated-sound,,
1400788,0,simulated-sound,,
1400507,0,simulated-sound,,
1400501,0,simulated-sound,,
1400437,0,simulated-sound,,
1400406,0,simulated-sound,,
1400467,0,simulated-sound,,
1400071,0,simulated-sound,,
1400158,0,simulated-sound,,
1400068,0,simulated-sound,,
1400072,0,simulated-sound,,
1400070,0,simulated-sound,,
1484040,0,automated-ringing,1,Abel
1484040,1,automated-ringing,3,Abel
1484040,2,automated-ringing,4,Abel
1484040,3,automated-ringing,5,Abel
1484040,4,automated-ringing,6,Abel
1484040,5,automated-ringing,7,Abel
1484040,6,automated-ringing,8,Abel
1484040,7,simulated-sound,,
1400034,0,simulated-sound,,
1400042,0,simulated-sound,,
1400048,0,simulated-sound,,
1400508,0,simulated-sound,,
1399903,0,simulated-sound,,
1400028,0,simulated-sound,,
1400011,0,simulated-sound,,
1400051,0,simulated-sound,,
1399943,0,simulated-sound,,
1400010,0,simulated-sound,,
1405590,0,simulated-sound,,
1399867,0,simulated-sound,,
1451049,0,automated-ringing,,
1451049,1,simulated-sound,,
1399813,0,simulated-sound,,
1405265,0,simulated-sound,,
1399871,0,simulated-sound,,
1399890,0,simulated-sound,,
1933700,0,simulated-sound,,
1399849,0,simulated-sound,,
1413120,0,simulated-sound,,
1559106,0,simulated-sound,,Performed on a virtual ringing platform.
1399645,0,simulated-sound,,
1399790,0,simulated-sound,,
1399731,0,simulated-sound,,
1399707,0,simulated-sound,,
1399671,0,simulated-sound,,
1399728,0,simulated-sound,,
1502282,0,simulated-sound,,
1399553,0,simulated-sound,,
1399575,0,simulated-sound,,
1399510,0,simulated-sound,,
1399416,0,simulated-sound,,
1399511,0,simulated-sound,,
1399507,0,simulated-sound,,
1405592,0,simulated-sound,,
1399273,0,simulated-sound,,
1399203,0,simulated-sound,,
1399297,0,simulated-sound,,
1399250,0,automated-ringing,,
1399250,1,simulated-sound,,
1410482,0,simulated-sound,,
1410382,0,automated-ringing,,
1410382,1,simulated-sound,,
1410380,0,automated-ringing,,
1410380,1,simulated-sound,,
1410393,0,simulated-sound,,
1410355,0,simulated-sound,,
1410291,0,simulated-sound,,
1451053,0,automated-ringing,,
1451053,1,simulated-sound,,
1410325,0,automated-ringing,1,Abel
1410325,1,automated-ringing,2,Abel
1410325,2,automated-ringing,3,Abel
1410325,3,automated-ringing,4,Abel
1410325,4,automated-ringing,5,Abel
1410325,5,automated-ringing,6,Abel
1410325,6,simulated-sound,,
1410331,0,automated-ringing,,
1410331,1,simulated-sound,,
1410266,0,simulated-sound,,
1413042,0,simulated-sound,,
1410328,0,simulated-sound,,
1410319,0,simulated-sound,,
1410290,0,simulated-sound,,
1410273,0,simulated-sound,,
1410358,0,simulated-sound,,
1410342,0,simulated-sound,,
1410288,0,simulated-sound,,
1410356,0,simulated-sound,,
1410351,0,simulated-sound,,
1525921,0,simulated-sound,,
1449069,0,automated-ringing,,
1449069,1,simulated-sound,,Rung on eBells
1410229,0,simulated-sound,,
1410287,0,simulated-sound,,
1410052,0,simulated-sound,,
1410194,0,simulated-sound,,
1415251,0,simulated-sound,,
1410187,0,simulated-sound,,
1410236,0,simulated-sound,,
1410179,0,simulated-sound,,
1409864,0,simulated-sound,,
1409892,0,simulated-sound,,
1410046,0,simulated-sound,,
1410045,0,simulated-sound,,
1410044,0,simulated-sound,,
1410042,0,simulated-sound,,
1410039,0,simulated-sound,,
1409980,0,simulated-sound,,
1410048,0,automated-ringing,,
1410048,1,simulated-sound,,
1409798,0,automated-ringing,1,Abel
1409798,1,automated-ringing,2,Abel
1409798,2,automated-ringing,3,Abel
1409798,3,automated-ringing,4,Abel
1409798,4,automated-ringing,5,Abel
1409798,5,automated-ringing,6,Abel
1409798,6,automated-ringing,7,Abel
1409798,7,automated-ringing,8,Abel
1409798,8,simulated-sound,,
1411872,0,simulated-sound,,
1409701,0,simulated-sound,,
1409685,0,simulated-sound,,
1419462,0,simulated-sound,,
1409732,0,simulated-sound,,
1409638,0,simulated-sound,,
1409631,0,simulated-sound,,
1409791,0,simulated-sound,,
1409605,0,simulated-sound,,
1409844,0,simulated-sound,,
1413104,0,simulated-sound,,
1409797,0,automated-ringing,,
1409797,1,simulated-sound,,
1409497,0,simulated-sound,,
1409490,0,simulated-sound,,
1409475,0,simulated-sound,,
1409471,0,simulated-sound,,
1409515,0,simulated-sound,,
1409492,0,simulated-sound,,
1409492,1,new-method,,
1409185,0,simulated-sound,,
1409175,0,simulated-sound,,
1409463,0,simulated-sound,,
1451119,0,automated-ringing,1,Abel
1451119,1,automated-ringing,2,Abel
1451119,2,automated-ringing,3,Abel
1451119,3,automated-ringing,4,Abel
1451119,4,automated-ringing,5,Abel
1451119,5,automated-ringing,6,Abel
1451119,6,automated-ringing,7,Abel
1451119,7,automated-ringing,8,Abel
1451119,8,automated-ringing,9,Abel
1451119,9,automated-ringing,10,Abel
1451119,10,automated-ringing,12,Abel
1451119,11,simulated-sound,,
1408942,0,simulated-sound,,
1408845,0,simulated-sound,,
1408917,0,simulated-sound,,
1408838,0,simulated-sound,,
1408850,0,simulated-sound,,
1408778,0,simulated-sound,,
1408636,0,simulated-sound,,
1408770,0,simulated-sound,,
1408675,0,simulated-sound,,
1408489,0,simulated-sound,,
1408663,0,simulated-sound,,
1408546,0,simulated-sound,,
1408444,0,simulated-sound,,
1408593,0,simulated-sound,,
1408485,0,simulated-sound,,
1408488,0,simulated-sound,,
1408463,0,simulated-sound,,
1409586,0,simulated-sound,,
1413105,0,simulated-sound,,
1502284,0,simulated-sound,,
1477143,0,simulated-sound,,
1408410,0,simulated-sound,,
1451052,0,automated-ringing,,
1451052,1,simulated-sound,,
1408418,0,automated-ringing,,
1408418,1,simulated-sound,,
1408405,0,simulated-sound,,
1408405,1,first-quarter,1,
1408533,0,simulated-sound,,
1408409,0,simulated-sound,,
1408403,0,simulated-sound,,
1408406,0,simulated-sound,,
1408411,0,simulated-sound,,
1408404,0,simulated-sound,,
1413106,0,simulated-sound,,
1408376,0,simulated-sound,,
1408312,0,simulated-sound,,
1408330,0,simulated-sound,,
1408330,1,first-quarter,6,
1587163,0,simulated-sound,,
1408327,0,simulated-sound,,
1408343,0,simulated-sound,,
1408205,0,simulated-sound,,
1408266,0,simulated-sound,,
1408398,0,simulated-sound,,
1408282,0,simulated-sound,,
1408209,0,simulated-sound,,
1408331,0,simulated-sound,,
1408208,0,simulated-sound,,
1485582,0,automated-ringing,1,Abel
1485582,1,automated-ringing,2,Abel
1485582,2,automated-ringing,3,Abel
1485582,3,automated-ringing,5,Abel
1485582,4,automated-ringing,6,Abel
1485582,5,automated-ringing,7,Abel
1485582,6,automated-ringing,8,Abel
1485582,7,simulated-sound,,
1408294,0,simulated-sound,,
1416576,0,simulated-sound,,
1408167,0,simulated-sound,,
1408154,0,simulated-sound,,
1408165,0,simulated-sound,,
1408124,0,simulated-sound,,
1408141,0,simulated-sound,,
1408213,0,simulated-sound,,
1408138,0,simulated-sound,,
1413107,0,simulated-sound,,
1410771,0,simulated-sound,,
1485581,0,automated-ringing,1,Abel
1485581,1,automated-ringing,3,Abel
1485581,2,automated-ringing,4,Abel
1485581,3,automated-ringing,5,Abel
1485581,4,automated-ringing,6,Abel
1485581,5,automated-ringing,7,Abel
1485581,6,automated-ringing,8,Abel
1485581,7,simulated-sound,,
1408042,0,simulated-sound,,
1408021,0,simulated-sound,,
1408085,0,simulated-sound,,
1933706,0,simulated-sound,,
1408169,0,simulated-sound,,
1413435,0,simulated-sound,,
1408081,0,simulated-sound,,
1408080,0,simulated-sound,,
1408009,0,simulated-sound,,
1407846,0,simulated-sound,,
1407887,0,simulated-sound,,
1407937,0,simulated-sound,,
1407882,0,simulated-sound,,
1407879,0,simulated-sound,,
1502285,0,simulated-sound,,
1410165,0,simulated-sound,,
1407830,0,automated-ringing,1,Abel
1407830,1,automated-ringing,2,Abel
1407830,2,automated-ringing,3,Abel
1407830,3,automated-ringing,4,Abel
1407830,4,automated-ringing,5,Abel
1407830,5,automated-ringing,6,Abel
1407830,6,simulated-sound,,
1407771,0,simulated-sound,,
1407839,0,simulated-sound,,
1407743,0,simulated-sound,,
1407800,0,simulated-sound,,
1407841,0,simulated-sound,,
1407745,0,simulated-sound,,
1407845,0,simulated-sound,,
1407847,0,simulated-sound,,
1453812,0,automated-ringing,,
1453812,1,simulated-sound,,
1407673,0,simulated-sound,,
1451118,0,automated-ringing,1,Abel
1451118,1,automated-ringing,2,Abel
1451118,2,automated-ringing,3,Abel
1451118,3,automated-ringing,4,Abel
1451118,4,automated-ringing,5,Abel
1451118,5,automated-ringing,6,Abel
1451118,6,automated-ringing,8,Abel
1451118,7,simulated-sound,,
1484068,0,automated-ringing,1,Abel
1484068,1,automated-ringing,2,Abel
1484068,2,automated-ringing,3,Abel
1484068,3,automated-ringing,5,Abel
1484068,4,automated-ringing,6,Abel
1484068,5,automated-ringing,7,Abel
1484068,6,automated-ringing,8,Abel
1484068,7,simulated-sound,,
1407667,0,simulated-sound,,
1407717,0,simulated-sound,,
1407646,0,simulated-sound,,
1407824,0,simulated-sound,,
1407634,0,simulated-sound,,
1407650,0,simulated-sound,,
1407664,0,simulated-sound,,
1413108,0,simulated-sound,,
1407613,0,simulated-sound,,
1407605,0,simulated-sound,,
1407508,0,simulated-sound,,
1484181,0,automated-ringing,1,Abel
1484181,1,automated-ringing,2,Abel
1484181,2,automated-ringing,4,Abel
1484181,3,automated-ringing,5,Abel
1484181,4,automated-ringing,6,Abel
1484181,5,automated-ringing,7,Abel
1484181,6,automated-ringing,8,Abel
1484181,7,simulated-sound,,
1407548,0,simulated-sound,,
1407614,0,simulated-sound,,
1407507,0,simulated-sound,,
1407568,0,simulated-sound,,
1407343,0,simulated-sound,,
1407473,0,simulated-sound,,
1407427,0,simulated-sound,,
1407328,0,simulated-sound,,
1426260,0,simulated-sound,,
1407681,0,simulated-sound,,
1485580,0,automated-ringing,1,Abel
1485580,1,automated-ringing,3,Abel
1485580,2,automated-ringing,4,Abel
1485580,3,automated-ringing,5,Abel
1485580,4,automated-ringing,6,Abel
1485580,5,automated-ringing,7,Abel
1485580,6,automated-ringing,8,Abel
1485580,7,simulated-sound,,
1485578,0,automated-ringing,1,Abel
1485578,1,automated-ringing,2,Abel
1485578,2,automated-ringing,3,Abel
1485578,3,automated-ringing,4,Abel
1485578,4,automated-ringing,5,Abel
1485578,5,automated-ringing,7,Abel
1485578,6,automated-ringing,8,Abel
1485578,7,simulated-sound,,
1407255,0,simulated-sound,,
1407304,0,simulated-sound,,
1415144,0,simulated-sound,,
1407292,0,simulated-sound,,
1407308,0,simulated-sound,,
1407249,0,simulated-sound,,
1408212,0,simulated-sound,,
1407238,0,simulated-sound,,
1484048,0,automated-ringing,1,Abel
1484048,1,automated-ringing,2,Abel
1484048,2,automated-ringing,3,Abel
1484048,3,automated-ringing,4,Abel
1484048,4,automated-ringing,6,Abel
1484048,5,automated-ringing,7,Abel
1484048,6,automated-ringing,8,Abel
1484048,7,simulated-sound,,
1407139,0,simulated-sound,,
1407103,0,simulated-sound,,
1407164,0,simulated-sound,,
1407161,0,simulated-sound,,
1407195,0,simulated-sound,,
1933705,0,simulated-sound,,
1407142,0,simulated-sound,,
1407150,0,simulated-sound,,
1407175,0,simulated-sound,,
1413109,0,simulated-sound,,
1407092,0,simulated-sound,,
1407193,0,simulated-sound,,
1407890,0,simulated-sound,,
1406991,0,simulated-sound,,
1407085,0,simulated-sound,,
1484042,0,automated-ringing,1,Abel
1484042,1,automated-ringing,2,Abel
1484042,2,automated-ringing,3,Abel
1484042,3,automated-ringing,5,Abel
1484042,4,automated-ringing,6,Abel
1484042,5,automated-ringing,7,Abel
1484042,6,automated-ringing,8,Abel
1484042,7,simulated-sound,,
1406935,0,simulated-sound,,
1406903,0,simulated-sound,,
1407079,0,simulated-sound,,
1406833,0,simulated-sound,,
1406750,0,simulated-sound,,
1406767,0,simulated-sound,,
1406686,0,automated-ringing,1,Abel
1406686,1,automated-ringing,2,Abel
1406686,2,automated-ringing,3,Abel
1406686,3,automated-ringing,4,Abel
1406686,4,automated-ringing,5,Abel
1406686,5,automated-ringing,6,Abel
1406686,6,simulated-sound,,
1406606,0,simulated-sound,,
1406722,0,simulated-sound,,
1406715,0,simulated-sound,,
1406739,0,simulated-sound,,
1406703,0,simulated-sound,,
1406704,0,simulated-sound,,
1413110,0,simulated-sound,,
1406437,0,first-peal,1,
1406437,1,first-peal,2,
1406470,0,simulated-sound,,
1406469,0,simulated-sound,,
1406349,0,simulated-sound,,
1406389,0,simulated-sound,,
1406307,0,simulated-sound,,
1406305,0,simulated-sound,,
1406453,0,simulated-sound,,
1406202,0,simulated-sound,,
1406152,0,simulated-sound,,
1406068,0,simulated-sound,,
1406455,0,simulated-sound,,
1406120,0,simulated-sound,,
1406224,0,simulated-sound,,
1406190,0,simulated-sound,,
1406190,1,first-quarter,6,
1406061,0,simulated-sound,,
1406050,0,simulated-sound,,
1406206,0,simulated-sound,,
1406205,0,simulated-sound,,
1406038,0,simulated-sound,,
1405725,0,simulated-sound,,
1933704,0,simulated-sound,,
1405723,0,simulated-sound,,
1405731,0,simulated-sound,,
1405724,0,simulated-sound,,
1405688,0,simulated-sound,,
1405698,0,simulated-sound,,
1405743,0,simulated-sound,,
1405576,0,simulated-sound,,
1405620,0,simulated-sound,,
1405589,0,simulated-sound,,
1405479,0,simulated-sound,,
1502287,0,simulated-sound,,
1502286,0,simulated-sound,,
1405360,0,simulated-sound,,
1451116,0,automated-ringing,2,Abel
1451116,1,automated-ringing,3,Abel
1451116,2,automated-ringing,4,Abel
1451116,3,automated-ringing,5,Abel
1451116,4,automated-ringing,6,Abel
1451116,5,automated-ringing,7,Abel
1451116,6,automated-ringing,8,Abel
1451116,7,simulated-sound,,
1405435,0,simulated-sound,,
1405381,0,simulated-sound,,
1405396,0,simulated-sound,,
1413111,0,simulated-sound,,
